{
	"partitions" : [
		{
			"name" : "Top",
			"pins" : [
				{
					"name" : "led_out",
					"strict" : false
				},
				{
					"name" : "leds[3]",
					"strict" : false
				},
				{
					"name" : "leds[2]",
					"strict" : false
				},
				{
					"name" : "leds[1]",
					"strict" : false
				},
				{
					"name" : "leds[0]",
					"strict" : false
				},
				{
					"name" : "leds2[3]",
					"strict" : false
				},
				{
					"name" : "leds2[2]",
					"strict" : false
				},
				{
					"name" : "leds2[1]",
					"strict" : false
				},
				{
					"name" : "leds2[0]",
					"strict" : false
				},
				{
					"name" : "DECOP[5]",
					"strict" : false
				},
				{
					"name" : "DECOP[4]",
					"strict" : false
				},
				{
					"name" : "DECOP[2]",
					"strict" : false
				},
				{
					"name" : "DECOP[1]",
					"strict" : false
				},
				{
					"name" : "DECOP[0]",
					"strict" : false
				},
				{
					"name" : "DECOP2[6]",
					"strict" : false
				},
				{
					"name" : "DECOP2[5]",
					"strict" : false
				},
				{
					"name" : "DECOP2[4]",
					"strict" : false
				},
				{
					"name" : "DECOP2[3]",
					"strict" : false
				},
				{
					"name" : "DECOP2[2]",
					"strict" : false
				},
				{
					"name" : "DECOP2[1]",
					"strict" : false
				},
				{
					"name" : "DECOP2[0]",
					"strict" : false
				},
				{
					"name" : "DECOP3[6]",
					"strict" : false
				},
				{
					"name" : "DECOP3[5]",
					"strict" : false
				},
				{
					"name" : "DECOP3[4]",
					"strict" : false
				},
				{
					"name" : "DECOP3[3]",
					"strict" : false
				},
				{
					"name" : "DECOP3[2]",
					"strict" : false
				},
				{
					"name" : "DECOP3[1]",
					"strict" : false
				},
				{
					"name" : "DECOP3[0]",
					"strict" : false
				},
				{
					"name" : "DECOP4[6]",
					"strict" : false
				},
				{
					"name" : "DECOP4[4]",
					"strict" : false
				},
				{
					"name" : "DECOP4[3]",
					"strict" : false
				},
				{
					"name" : "DECOP4[2]",
					"strict" : false
				},
				{
					"name" : "DECOP4[1]",
					"strict" : false
				},
				{
					"name" : "DECOP4[0]",
					"strict" : false
				},
				{
					"name" : "DECOP5[6]",
					"strict" : false
				},
				{
					"name" : "DECOP5[5]",
					"strict" : false
				},
				{
					"name" : "DECOP5[4]",
					"strict" : false
				},
				{
					"name" : "DECOP5[3]",
					"strict" : false
				},
				{
					"name" : "DECOP5[2]",
					"strict" : false
				},
				{
					"name" : "DECOP5[1]",
					"strict" : false
				},
				{
					"name" : "DECOP5[0]",
					"strict" : false
				},
				{
					"name" : "DECOP6[6]",
					"strict" : false
				},
				{
					"name" : "DECOP6[4]",
					"strict" : false
				},
				{
					"name" : "DECOP6[3]",
					"strict" : false
				},
				{
					"name" : "DECOP6[2]",
					"strict" : false
				},
				{
					"name" : "DECOP6[1]",
					"strict" : false
				},
				{
					"name" : "DECOP6[0]",
					"strict" : false
				},
				{
					"name" : "ENABLE",
					"strict" : false
				},
				{
					"name" : "ciclo",
					"strict" : false
				},
				{
					"name" : "button",
					"strict" : false
				},
				{
					"name" : "CLOCK",
					"strict" : false
				}
			]
		}
	]
}