{
	"partitions" : [
		{
			"name" : "Top",
			"pins" : [
				{
					"name" : "led_out",
					"strict" : false
				},
				{
					"name" : "leds[3]",
					"strict" : false
				},
				{
					"name" : "leds[2]",
					"strict" : false
				},
				{
					"name" : "leds2[3]",
					"strict" : false
				},
				{
					"name" : "leds2[2]",
					"strict" : false
				},
				{
					"name" : "leds2[1]",
					"strict" : false
				},
				{
					"name" : "DECOP[6]",
					"strict" : false
				},
				{
					"name" : "DECOP[5]",
					"strict" : false
				},
				{
					"name" : "DECOP[4]",
					"strict" : false
				},
				{
					"name" : "DECOP[3]",
					"strict" : false
				},
				{
					"name" : "DECOP[2]",
					"strict" : false
				},
				{
					"name" : "DECOP[1]",
					"strict" : false
				},
				{
					"name" : "DECOP[0]",
					"strict" : false
				},
				{
					"name" : "DECOP2[6]",
					"strict" : false
				},
				{
					"name" : "DECOP2[5]",
					"strict" : false
				},
				{
					"name" : "DECOP2[4]",
					"strict" : false
				},
				{
					"name" : "DECOP2[3]",
					"strict" : false
				},
				{
					"name" : "DECOP2[2]",
					"strict" : false
				},
				{
					"name" : "DECOP2[1]",
					"strict" : false
				},
				{
					"name" : "DECOP2[0]",
					"strict" : false
				},
				{
					"name" : "ENABLE",
					"strict" : false
				},
				{
					"name" : "ciclo",
					"strict" : false
				}
			]
		}
	]
}